delivery_charges,delivery_time,evaluate,initial_price,insurance,lie,name,payments,percent_positive_reviews,percent_response_rate,percentage_of_on_time_delivery,question_answered,sale,sale_price,shop,trademark
22.000 ₫,3 - 7 ngày,25 Ratings,450.000 ₫,Không áp dụng chính sách bảo hành,,"Quần Jean cooPure extra Spandex mẫu mới, quần dài jeans nam cooPure (3 màu)",Thanh toán khi nhận hàng. (Không được đồng kiểm),98%,100%,97%,,-34%,299.000 ₫,cooPure Official,cooPure
18.700 ₫,2 - 6 ngày,312 Ratings,248.000 ₫,Không áp dụng chính sách bảo hành,7 ngày trả hàng cho Nhà bán hàng,quần jean nam đen trơn co giãn thoải mái size 28-36,Thanh toán khi nhận hàng. (Không được đồng kiểm),89%,100%,99%,139 Answered Questions,-56%,110.360 ₫,THÚY DUYÊN SHOP CHUYÊN SỈ QUẦN JEAN CS1,No Brand
56.100 ₫,3 - 8 ngày,41 คะแนน,145.000 ₫,Không áp dụng chính sách bảo hành,7 ngày trả hàng cho Nhà bán hàng,Quần Jean Ông Suông Rộng Cá Tính Dễ Phối Đồ Dành Cho Nam -Đổi Trả Free Nếu Hàng Lỗi,Thanh toán khi nhận hàng. (Không được đồng kiểm),88%,96%,90%,,-21%,115.000 ₫,DH_Clothing,OEM
56.100 ₫,3 - 8 ngày,7 Ratings,145.000 ₫,Không áp dụng chính sách bảo hành,7 ngày trả hàng cho Nhà bán hàng,"Quần Baggy Jean Rách ,Form Rộng ,Quần Bò Rộng Cá Tính Đẹp  Thị Trường",Thanh toán khi nhận hàng. (Không được đồng kiểm),88%,96%,90%,,-21%,115.000 ₫,DH_Clothing,OEM
12.900 ₫,1 - 5 ngày,2073 Ratings,79.000 ₫,,7 ngày trả hàng cho Nhà bán hàng,"Quần Jean dài Nam Ống suông chất vải jean cotton mềm mịn, form chuẩn đẹp - Có size Bự Jean002",Thanh toán khi nhận hàng. (Không được đồng kiểm),97%,99%,94%,123 Answered Questions,-43%,45.000 ₫,SHOPTRUCQUYNH,OEM
12.900 ₫,1 - 5 ngày,1190 Ratings,152.000 ₫,Không áp dụng chính sách bảo hành,7 ngày trả hàng cho Nhà bán hàng,"Quần Baggy Jean Nam, Quần Jean Ống Rộng, Quần jean Nam Dáng Suông Chất Vải Dày Dặn Xịn Sò",Thanh toán khi nhận hàng. (Không được đồng kiểm),91%,73%,98%,,-35%,99.000 ₫,vimen_shop,No Brand
12.900 ₫,1 - 5 ngày,49 đánh giá,450.000 ₫,Không áp dụng chính sách bảo hành,7 ngày trả hàng cho Nhà bán hàng,[HCM]XANH ĐEN NAVY  Chất Co Giãn Thoải Mái B Inbox Để Tư Vấn Size,Thanh toán khi nhận hàng. (Không được đồng kiểm),94%,93%,81%,25 câu hỏi đã trả lời,-38%,280.000 ₫,HAIAN JEAN,No Brand
12.900 ₫,1 - 5 ngày,60 Ratings,160.000 ₫,Không áp dụng chính sách bảo hành,7 ngày trả hàng cho Nhà bán hàng,"Quần jean nam form ôm cao cấp ,full team mác, chất liệu jean , co giãn tốt ,hàng chuẩn shop (ảnh thật shop chụp ) DIỄM NHI SHOP KV015",Thanh toán khi nhận hàng. (Không được đồng kiểm),94%,100%,99%,,-46%,86.000 ₫,Diễm nhi shop thời trang chính hiệu,No Brand
12.900 ₫,1 - 5 ngày,78 Ratings,189.000 ₫,Không áp dụng chính sách bảo hành,7 ngày trả hàng cho Nhà bán hàng,[HCM]( Hàng xuất khẩu) Quần Jean Nam Cao Cấp - jean đẹp (giá sỉ),Thanh toán khi nhận hàng. (Không được đồng kiểm),93%,96%,99%,26 Answered Questions,-29%,135.000 ₫,Shop Rất Chất,Trong suốt
12.900 ₫,1 - 5 ngày,39 Ratings,195.000 ₫,Không áp dụng chính sách bảo hành,7 ngày trả hàng cho Nhà bán hàng,Quần jean nam 2021 đen trơn chất bò cao cấp  co giãn mẫu mới nhất AHFASHION,Thanh toán khi nhận hàng. (Không được đồng kiểm),96%,98%,95%,12 Answered Questions,-49%,99.210 ₫,AH-Fashion,No Brand
12.900 ₫,1 - 5 ngày,2026 Ratings,230.000 ₫,Không áp dụng chính sách bảo hành,7 ngày trả hàng cho Nhà bán hàng,[HCM]CÓ SIZE ĐẠI BIG SIZE QUẦN JEAN NAM ĐEN TRƠN - ĐƠN GIÃN MẠNH MẼ QUẦN JEAN NAM ỐNG CÔN DÁNG ÔM BODY VẢI CO GIÃN TOP BÁN CHẠY NHẤT,Thanh toán khi nhận hàng. (Không được đồng kiểm),95%,99%,99%,612 Answered Questions,-37%,144.220 ₫,Linh Fashion Store,No Brand
12.900 ₫,1 - 5 ngày,25 Ratings,130.000 ₫,Không áp dụng chính sách bảo hành,7 ngày trả hàng cho Nhà bán hàng,[Freeship]Quần short Jeans nam cao cấp chất vải đẹp mặc thoải mái có size đại-QJ14,Thanh toán khi nhận hàng. (Không được đồng kiểm),96%,99%,100%,,-47%,69.000 ₫,shopmen's-fashion,No Brand
12.900 ₫,1 - 5 ngày,7 คะแนน,115.000 ₫,Không áp dụng chính sách bảo hành,7 ngày trả hàng cho Nhà bán hàng,"Quần Baggy Jean Nam Ống Rộng, Quần Basic Jean Nam Ống Suông Đẹp Cao Cấp Hàng CHuẩn SHop",Thanh toán khi nhận hàng. (Không được đồng kiểm),91%,73%,98%,,-14%,99.000 ₫,vimen_shop,No Brand
12.900 ₫,1 - 5 ngày,7 Ratings,179.000 ₫,Không áp dụng chính sách bảo hành,,Quần jean nam ống suông MĐ Q150 không co giãn,Thanh toán khi nhận hàng. (Không được đồng kiểm),94%,100%,100%,,-20%,143.000 ₫,MĐ - LOCAL BRAND,MĐ
12.900 ₫,1 - 5 ngày,9 Ratings,150.000 ₫,Không áp dụng chính sách bảo hành,7 ngày trả hàng cho Nhà bán hàng,"Quần jean nam rách cao cấp -Quần bò nam chất liệu jean co giãn tốt ,hàng chuẩn shop full team mác (ảnh thật shop chụp ) DIỄM NHI SHOP KV01",Thanh toán khi nhận hàng. (Không được đồng kiểm),94%,100%,99%,7 Answered Questions,-47%,79.000 ₫,Diễm nhi shop thời trang chính hiệu,No Brand
12.900 ₫,1 - 5 ngày,18 Ratings,150.000 ₫,Không áp dụng chính sách bảo hành,7 ngày trả hàng cho Nhà bán hàng,[HCM]Quần jean ngố nữ ống rộng vải jean denim hoại tiết đẹp dễ phối đồ William - AT138,Thanh toán khi nhận hàng. (Không được đồng kiểm),93%,95%,99%,,-23%,115.000 ₫,William Store,No Brand
22.000 ₫,3 - 7 ngày,201 Ratings,499.000 ₫,Không áp dụng chính sách bảo hành,,Quần Jeans Basic Slim năng động thương hiệu Coolmate,Thanh toán khi nhận hàng. (Không được đồng kiểm),98%,96%,96%,,-16%,419.000 ₫,Coolmate,coolmate
12.900 ₫,1 - 5 ngày,85 Ratings,130.000 ₫,Không áp dụng chính sách bảo hành,7 ngày trả hàng cho Nhà bán hàng,"Quần jean nam rách cao cấp ,full tem mác,chất liệu jean,co giãn tốt ,hàng chuẩn shop (ảnh thật shop chụp )thời trang DIỄM NHI SHOP KV60",Thanh toán khi nhận hàng. (Không được đồng kiểm),94%,100%,99%,,-41%,77.000 ₫,Diễm nhi shop thời trang chính hiệu,No Brand
12.900 ₫,1 - 5 ngày,56 Ratings,110.000 ₫,,7 ngày trả hàng cho Nhà bán hàng,[HCM]( Giá xưởng ) Quần tây âu fom rộng nam co giãn tốt hàng cao cấp chuẩn xịn xò Shop Vanle MS8 (đủ size 28-36),Thanh toán khi nhận hàng. (Không được đồng kiểm),87%,99%,99%,65 Answered Questions,-50%,55.000 ₫,shopvanle,No Brand
12.900 ₫,1 - 5 ngày,11 Ratings,169.000 ₫,Không áp dụng chính sách bảo hành,7 ngày trả hàng cho Nhà bán hàng,(có video) Quần short jean nam vải dày mịn đẹp co dãn quần short chất lượng mới hot có dây kéo,Thanh toán khi nhận hàng. (Không được đồng kiểm),94%,89%,95%,,-47%,89.000 ₫,KAPA_FASHION,No Brand
12.900 ₫,1 - 5 ngày,11 Ratings,200.000 ₫,Không áp dụng chính sách bảo hành,7 ngày trả hàng cho Nhà bán hàng,[HCM]Quần jean nam rách cá tính phong cách MiuShop89 [freeship] Quần bò nam cao cấp chất jeans co giãn mẫu mới thời trang Hàn Quốc - QJNM58,Thanh toán khi nhận hàng. (Không được đồng kiểm),94%,100%,98%,,-46%,109.000 ₫,MIUSHOP89,No Brand
12.900 ₫,1 - 5 ngày,35 Ratings,199.000 ₫,Không áp dụng chính sách bảo hành,,Quần jean nam co giãn MĐ Q100 loại tốt,Thanh toán khi nhận hàng. (Không được đồng kiểm),94%,100%,100%,,-21%,157.000 ₫,MĐ - LOCAL BRAND,MĐ
12.900 ₫,1 - 5 ngày,11 Ratings,199.000 ₫,Không áp dụng chính sách bảo hành,,Quần jean nam co giãn MĐ Q104 loại tốt,Thanh toán khi nhận hàng. (Không được đồng kiểm),94%,100%,100%,,-20%,160.000 ₫,MĐ - LOCAL BRAND,MĐ
12.900 ₫,1 - 5 ngày,149 Ratings,299.000 ₫,,7 ngày trả hàng cho Nhà bán hàng,quần jean co giãn q100 vải loại tốt Muidoi,Thanh toán khi nhận hàng. (Không được đồng kiểm),90%,100%,100%,112 Answered Questions,-46%,160.000 ₫,muidoi,OEM
12.900 ₫,1 - 5 ngày,100 Ratings,589.000 ₫,Không áp dụng chính sách bảo hành,,"Quần Bò Nam 5S Màu Xanh Xước Phom Slimfit, Trẻ Trung, Nam Tính (05)",Thanh toán khi nhận hàng. (Không được đồng kiểm),98%,100%,99%,,-42%,339.000 ₫,5S STORE,5S
12.900 ₫,1 - 5 ngày,14 đánh giá,255.000 ₫,Không áp dụng chính sách bảo hành,7 ngày trả hàng cho Nhà bán hàng,Quần jean nam cao cấp jean nam dài vải dày rách gối 2 màu trắng đen đẹp co giãn chất lượng from dáng như hình hàng chuẩn đẹp,Thanh toán khi nhận hàng. (Không được đồng kiểm),91%,97%,98%,,-63%,95.000 ₫,T&P Shops - Men's Fashion,No Brand
12.900 ₫,1 - 5 ngày,12 Ratings,189.000 ₫,Không áp dụng chính sách bảo hành,7 ngày trả hàng cho Nhà bán hàng,Quần jean nam đẹp đen rách DV-FASHION phối khóa lệch foem chuẩn dáng đẹp vải dày co giãn mẫu mới nhất cao cấp,Thanh toán khi nhận hàng. (Không được đồng kiểm),94%,100%,98%,,-49%,97.160 ₫,DV-Fashion,No Brand
12.900 ₫,1 - 5 ngày,37 Ratings,400.000 ₫,Không áp dụng chính sách bảo hành,7 ngày trả hàng cho Nhà bán hàng,[HCM]Quần jean nam VNXK cao cấp ZR chất jean co giãn- ống ôm,Thanh toán khi nhận hàng. (Không được đồng kiểm),94%,93%,81%,63 Answered Questions,-34%,265.130 ₫,HAIAN JEAN,No Brand
12.900 ₫,1 - 5 ngày,158 Ratings,180.000 ₫,Không áp dụng chính sách bảo hành,7 ngày trả hàng cho Nhà bán hàng,[HCM]QUẦN JEAN NAM CHẤT BÒ CO GIÃN THỜI TRANG Binstore94 BT831,Thanh toán khi nhận hàng. (Không được đồng kiểm),94%,96%,99%,48 Answered Questions,-45%,98.520 ₫,Binstore94,OEM
12.900 ₫,1 - 5 ngày,22 Ratings,589.000 ₫,Không áp dụng chính sách bảo hành,,"Quần Jean Nam 5S (2 mẫu), Phom Trẻ Trung, Có Giãn Thoải Mái",Thanh toán khi nhận hàng. (Không được đồng kiểm),98%,100%,99%,,-42%,339.000 ₫,5S STORE,5S
22.000 ₫,3 - 7 ngày,2 Ratings,259.000 ₫,Không áp dụng chính sách bảo hành,7 ngày trả hàng cho Nhà bán hàng,"Quần jean dáng suông rộng, quần bò baggy trơn form ống rộng nam dễ phối đồ, chất jean đẹp",Thanh toán khi nhận hàng. (Không được đồng kiểm),89%,100%,100%,,-39%,159.000 ₫,Best shop HN,No Brand
12.900 ₫,1 - 5 ngày,637 Ratings,230.000 ₫,Không áp dụng chính sách bảo hành,7 ngày trả hàng cho Nhà bán hàng,[HCM]Quần Jean Nam - Hàng Nhập ( jean co giãn),Thanh toán khi nhận hàng. (Không được đồng kiểm),93%,96%,99%,349 Answered Questions,-47%,122.000 ₫,Shop Rất Chất,OEM
31.900 ₫,3 - 8 ngày,41 Ratings,310.000 ₫,Không áp dụng chính sách bảo hành,7 ngày trả hàng cho Nhà bán hàng,QUẦN SUÔNG NAM ỐNG RỘNG - Mã 095,Thanh toán khi nhận hàng. (Không được đồng kiểm),86%,100%,99%,,-50%,155.340 ₫,GUNOC,No Brand
22.000 ₫,3 - 7 ngày,49 Ratings,290.000 ₫,,7 ngày trả hàng cho Nhà bán hàng,"Quần jean Baggy ống suông, rộng nam, nữ hàn quốc, dáng rộng thoải mái",Thanh toán khi nhận hàng. (Không được đồng kiểm),97%,100%,90%,,-62%,109.000 ₫,Thời Trang Nam NPV,No Brand
12.900 ₫,1 - 5 ngày,12 Ratings,299.000 ₫,Không áp dụng chính sách bảo hành,7 ngày trả hàng cho Nhà bán hàng,quần jean nam ống suông co dãn trung niên loại quần jeans nam trung niên form rộng QJ2,Thanh toán khi nhận hàng. (Không được đồng kiểm),94%,98%,90%,,-43%,170.370 ₫,Thái Khang Fashion,OEM
